Key,Type,Name,Calories,Carbs,Protein,Fat,Saturates,Sugar,Fibre,Salt,B1,B2,B3,B6,B9,B12,D,Iron,
0,Breakfast,Egg Sandwich,362.0,38.4,20.4,11.4,3.6,10.0,5.4,7.8,0.0,0.0,0.0,0.0,0.0,0.0,0.0,0.0
5,Snacks,Choc Bricoche Roll,185.0,22.0,3.2,9.0,5.0,6.8,1.1,0.34,0.0,0.0,0.0,0.0,0.0,0.0,0.0,0.0
9,Snacks,Caramel Square,153.0,27.0,1.6,4.3,3.2,14.0,0.7,0.27,0.0,0.0,0.0,0.0,0.0,0.0,0.0,0.0
26,Dinner,Spag Bole,776.0,119.53,53.25,8.0,2.6055,15.243,7.26,1.51,0.0,0.0,0.0,0.0,0.0,0.0,0.0,0.0
27,Dinner,1 Dough Ball,306.25,42.0,7.700000000000001,11.549999999999999,7.0,2.1,0.9275,1.75,0.0,0.0,0.0,0.0,0.0,0.0,0.0,0.0
12,Snacks,Muller Corner,150.0,19.4,4.5,5.8,4.0,15.6,0.0,0.23,0.0,0.0,0.0,0.0,0.0,0.0,0.0,0.0
